{"cameraMode":{"drawMode":0,"name":"Shaded","section":"Shading Mode"},"sceneLighting":true,"audioPlay":false,"sceneViewState":{"m_AlwaysRefresh":false,"showFog":true,"showSkybox":true,"showFlares":true,"showImageEffects":true,"showParticleSystems":true,"showVisualEffectGraphs":true,"m_FxEnabled":true},"in2DMode":false,"pivot":{"x":-0.2257862687110901,"y":0.7692134380340576,"z":-1.6994965076446534},"rotation":{"x":-0.01744440570473671,"y":0.9723371863365173,"z":-0.21979205310344697,"w":-0.07716874033212662},"size":2.490701198577881,"orthographic":false}